23,televisor,7 Jay Park,Lanus,Lolita
25,aire acondicionado,0 Rockefeller Circle,Lanus,Elmore
30,silla,4 Golf Course Park,Lanus,Lovell
36,secarropas,10866 Division Trail,Lanus,Teddie
40,plancha,6 Hoepker Street,Lanus,Emlynne
47,aire acondicionado,22659 Northridge Place,Lanus,Jeth
54,lavarropas,65 Continental Avenue,Lanus,Harlan
76,plancha,01380 Summit Avenue,Lanus,Obediah
82,televisor,55 Shelley Point,Lanus,Samuel
90,silla,6261 La Follette Junction,Lanus,Thor
92,sillon,7 Rusk Park,Lanus,Frasco
94,lavarropas,468 Merrick Alley,Lanus,Zack
104,secarropas,2 Green Ridge Street,Lanus,Karol
119,cocina,542 Warrior Alley,Lanus,Brianna
132,pava,95 Dahle Road,Lanus,Jorey
134,aire acondicionado,612 Moland Court,Lanus,Janean
136,lavarropas,2 Mandrake Terrace,Lanus,Donnamarie
145,silla,42697 Hauk Way,Lanus,Durand
155,lavarropas,30417 Barby Hill,Lanus,Raye
177,cocina,64 Debra Crossing,Lanus,Star
187,silla,7 Red Cloud Street,Lanus,Hedy
188,aire acondicionado,8 Lindbergh Parkway,Lanus,Erhart
191,cocina,5136 Cottonwood Way,Lanus,Jase
192,cocina,7800 Cottonwood Circle,Lanus,Tyrus
210,aire acondicionado,2 Kipling Crossing,Lanus,Ky
211,sillon,936 Charing Cross Park,Lanus,Scot
212,televisor,5514 Hanson Court,Lanus,Ruperta
219,plancha,6422 Cody Court,Lanus,Opaline
232,lavarropas,02 Maywood Lane,Lanus,Sly
243,mesa,8689 Grim Circle,Lanus,Willa
244,televisor,25 Melrose Street,Lanus,Eamon
267,aire acondicionado,953 School Place,Lanus,Shanda
281,aire acondicionado,9 Redwing Park,Lanus,Lisle
283,silla,60 Transport Point,Lanus,Wandis
289,sillon,3 Lindbergh Plaza,Lanus,Tremayne
301,aire acondicionado,04 Myrtle Point,Lanus,Seana
305,cocina,5491 Grover Way,Lanus,Ilyssa
318,televisor,8 Arizona Road,Lanus,Jourdain
326,televisor,5 Moulton Way,Lanus,Frieda
327,sillon,3007 International Road,Lanus,Mireielle
328,lavarropas,4 Ridge Oak Place,Lanus,Mae
331,silla,9 Fairview Lane,Lanus,Gaylord
332,silla,3865 Knutson Terrace,Lanus,Issy
340,mesa,49903 Redwing Drive,Lanus,Gussi
348,plancha,6 Gulseth Parkway,Lanus,Elsey
354,secarropas,12198 Lawn Plaza,Lanus,Holden
356,televisor,32285 Carey Avenue,Lanus,Steffen
365,secarropas,99 Ilene Pass,Lanus,Brook
366,sillon,77425 Prairieview Center,Lanus,Milissent
377,lavarropas,5 Clyde Gallagher Center,Lanus,Carol-jean
382,televisor,33502 Susan Plaza,Lanus,Jo ann
386,secarropas,72603 Stone Corner Terrace,Lanus,Linda
387,lavarropas,1291 Corben Trail,Lanus,Kit
390,pava,25894 Garrison Hill,Lanus,Hunt
403,pava,7629 Washington Street,Lanus,Willi
414,plancha,11466 Merchant Drive,Lanus,Brit
415,secarropas,57990 Charing Cross Place,Lanus,Morly
427,silla,547 Jay Circle,Lanus,Hew
429,pava,5962 Crescent Oaks Way,Lanus,Garek
430,lavarropas,9 Novick Road,Lanus,Stepha
431,sillon,537 Loeprich Terrace,Lanus,Dena
445,pava,25938 Ronald Regan Trail,Lanus,Pyotr
450,aire acondicionado,4643 Norway Maple Hill,Lanus,Marty
454,mesa,9110 Crest Line Circle,Lanus,Bernardo
457,aire acondicionado,74 Swallow Street,Lanus,Marylin
466,mesa,8184 Kim Trail,Lanus,Gusty
471,secarropas,67388 Cherokee Court,Lanus,Harley
478,televisor,733 Melvin Court,Lanus,Royal
486,silla,8 Northland Pass,Lanus,Boone
487,silla,87456 Veith Alley,Lanus,Ashley
516,secarropas,3 Hallows Trail,Lanus,Nickolas
519,aire acondicionado,617 Donald Hill,Lanus,Alika
525,cocina,914 David Avenue,Lanus,Waiter
527,sillon,192 American Ash Court,Lanus,Knox
531,mesa,6944 Eliot Terrace,Lanus,Jacquelin
548,secarropas,9 Walton Avenue,Lanus,Sharona
549,mesa,57009 Miller Pass,Lanus,Vernor
555,pava,9100 Boyd Parkway,Lanus,Ximenez
559,plancha,699 Pearson Pass,Lanus,Dierdre
570,plancha,59 Ryan Center,Lanus,Fidelity
571,televisor,633 Monterey Parkway,Lanus,Dolores
585,lavarropas,7063 Transport Lane,Lanus,Der
587,silla,197 Clyde Gallagher Place,Lanus,Meg
589,cocina,61 Thierer Road,Lanus,Ami
601,sillon,57804 Monument Lane,Lanus,Maxi
606,plancha,16 Namekagon Park,Lanus,Irv
614,aire acondicionado,5 Sundown Circle,Lanus,Marrilee
619,lavarropas,57 Charing Cross Lane,Lanus,Anestassia
624,pava,022 Hanover Way,Lanus,Frasier
628,pava,4 Hollow Ridge Park,Lanus,Anabal
632,silla,53 Moland Alley,Lanus,Roderich
634,silla,1 Shoshone Lane,Lanus,Corinne
639,pava,8750 Fordem Hill,Lanus,Rufe
641,secarropas,02 Grasskamp Point,Lanus,Sophronia
643,sillon,916 Eggendart Pass,Lanus,Leola
644,mesa,6 Bonner Center,Lanus,Germana
653,pava,2 Fairfield Pass,Lanus,Lucia
667,pava,8733 Lake View Plaza,Lanus,Mariska
673,silla,315 Northland Junction,Lanus,Earlie
674,silla,5 Straubel Parkway,Lanus,Alonso
680,cocina,47682 Myrtle Crossing,Lanus,Gloriane
700,sillon,750 Moland Plaza,Lanus,Nessie
710,secarropas,1 Goodland Street,Lanus,Claudian
718,sillon,650 Jay Road,Lanus,Celisse
735,pava,7 Waxwing Plaza,Lanus,Erinn
740,cocina,8975 Hagan Terrace,Lanus,Berton
747,cocina,14385 Clyde Gallagher Hill,Lanus,Holly
753,pava,8 Loomis Plaza,Lanus,Rori
754,cocina,1713 Summerview Terrace,Lanus,Maurita
755,sillon,4862 Burrows Circle,Lanus,Granthem
763,sillon,14323 Farwell Terrace,Lanus,Talyah
773,pava,1897 Badeau Junction,Lanus,Brittani
777,secarropas,99647 Summerview Drive,Lanus,Sheilakathryn
783,sillon,685 Garrison Junction,Lanus,Andreana
795,cocina,839 Stuart Crossing,Lanus,Cicily
800,pava,93518 Milwaukee Plaza,Lanus,Cosimo
802,cocina,31489 Springview Parkway,Lanus,Berenice
814,mesa,14 Havey Terrace,Lanus,Pincus
821,secarropas,93987 Blaine Lane,Lanus,Dolli
834,secarropas,59690 East Drive,Lanus,Theadora
836,cocina,2179 Packers Center,Lanus,Caitrin
842,lavarropas,16771 Oneill Court,Lanus,Samaria
847,aire acondicionado,1095 Bowman Point,Lanus,Davey
849,televisor,90783 Fulton Parkway,Lanus,Falkner
854,mesa,17 Bartillon Avenue,Lanus,Nollie
857,cocina,9363 Anhalt Circle,Lanus,Adrian
859,mesa,5195 Farragut Center,Lanus,Alphonso
871,plancha,70 Stephen Lane,Lanus,Rudolf
878,silla,113 Talmadge Alley,Lanus,Lucias
880,secarropas,63545 Grasskamp Alley,Lanus,Kinny
885,secarropas,5 Portage Terrace,Lanus,Lucio
893,silla,71017 Northland Alley,Lanus,Shep
899,plancha,9314 Colorado Way,Lanus,Marlie
900,sillon,334 Stang Center,Lanus,Legra
902,lavarropas,1 Cambridge Point,Lanus,Burtie
904,silla,72 Vidon Lane,Lanus,Bathsheba
907,silla,6352 Redwing Center,Lanus,Franky
908,pava,3 Crest Line Point,Lanus,Merrill
910,plancha,906 Ryan Crossing,Lanus,Justin
911,aire acondicionado,13184 Anhalt Trail,Lanus,Maurise
914,aire acondicionado,3 Barby Point,Lanus,Maritsa
915,mesa,4 Meadow Vale Alley,Lanus,Misti
920,silla,0454 Harbort Pass,Lanus,Harri
925,secarropas,1895 Kensington Park,Lanus,Di
939,pava,22288 Mendota Trail,Lanus,Allx
940,silla,8 Nobel Terrace,Lanus,Violetta
946,aire acondicionado,55 Monument Center,Lanus,Niven
958,cocina,5 Eliot Circle,Lanus,Ewan
961,sillon,487 Lakewood Gardens Place,Lanus,Arlina
964,lavarropas,04223 Mayer Crossing,Lanus,Sander
966,pava,64 Columbus Circle,Lanus,Zenia
977,aire acondicionado,2 Schmedeman Alley,Lanus,Willi
996,secarropas,09 Clemons Court,Lanus,Peri
